label,tp,fp,tn,fn,prec,rec,f1,acc
AVG,2359,569,4718,569,0.8056693989071039,0.8056693989071039,0.8056693989071039,0.861472915398661
neutral,369,178,1990,264,0.6745886654478976,0.5829383886255924,0.6254237288135593,0.8421992145662264
negative,1663,306,696,158,0.8445911630269172,0.9132344865458539,0.8775725593667545,0.8356358483882395
positive,327,85,2032,147,0.7936893203883495,0.689873417721519,0.7381489841986456,0.9104592821304516
